{"cameraMode":{"drawMode":0,"name":"Shaded","section":"Shading Mode"},"sceneLighting":true,"audioPlay":false,"sceneViewState":{"showFog":true,"showMaterialUpdate":false,"showSkybox":true,"showFlares":true,"showImageEffects":true,"showParticleSystems":true,"showVisualEffectGraphs":true,"m_FxEnabled":true},"in2DMode":false,"pivot":{"x":217.58114624023438,"y":439.14007568359377,"z":12.9527587890625},"rotation":{"x":-0.14076822996139527,"y":-0.015956608578562738,"z":0.002603897824883461,"w":-0.9895665049552918},"size":353.87481689453127,"orthographic":false}