{"cameraMode":{"drawMode":0,"name":"Shaded","section":"Shading Mode"},"sceneLighting":true,"audioPlay":false,"sceneViewState":{"showFog":true,"showMaterialUpdate":false,"showSkybox":true,"showFlares":true,"showImageEffects":true,"showParticleSystems":true,"showVisualEffectGraphs":true,"m_FxEnabled":true},"in2DMode":false,"pivot":{"x":347.5176696777344,"y":301.1347961425781,"z":-2.59478759765625},"rotation":{"x":-0.012301982380449772,"y":0.00015977576549630612,"z":0.0008716041338630021,"w":-0.999315619468689},"size":484.2319641113281,"orthographic":false}