{"cameraMode":{"drawMode":0,"name":"Shaded","section":"Shading Mode"},"sceneLighting":false,"audioPlay":false,"sceneViewState":{"showFog":false,"showMaterialUpdate":false,"showSkybox":false,"showFlares":false,"showImageEffects":false,"showParticleSystems":false,"showVisualEffectGraphs":true,"m_FxEnabled":true},"in2DMode":false,"pivot":{"x":-0.0012243986129760743,"y":0.7268068790435791,"z":-0.6419415473937988},"rotation":{"x":-0.023312928155064584,"y":0.9735577702522278,"z":-0.19560344517230988,"w":-0.11462778598070145},"size":1.3187825679779053,"orthographic":false}